record_id,source_filename,frame_index,yaw,pitch,roll,pose_bin,canonical_yaw,ldm106_raw_file,ldm106_aligned_file,ldm134_raw_file,ldm134_aligned_file,metadata_file,npz_file
frame_000242,frame_000242.jpg,242,-62.51227951049805,-8.470956802368164,5.241160869598389,left_profile,-70.0,person_04/frame_000242/ldm106_raw.csv,person_04/frame_000242/ldm106_aligned.csv,person_04/frame_000242/ldm134_raw.csv,person_04/frame_000242/ldm134_aligned.csv,person_04/frame_000242/metadata.json,person_04/frame_000242/record.npz
frame_000233,frame_000233.jpg,233,-62.22773361206055,-8.666265487670898,5.089169025421143,left_profile,-70.0,person_04/frame_000233/ldm106_raw.csv,person_04/frame_000233/ldm106_aligned.csv,person_04/frame_000233/ldm134_raw.csv,person_04/frame_000233/ldm134_aligned.csv,person_04/frame_000233/metadata.json,person_04/frame_000233/record.npz
frame_000241,frame_000241.jpg,241,-62.161720275878906,-9.151105880737305,5.656113624572754,left_profile,-70.0,person_04/frame_000241/ldm106_raw.csv,person_04/frame_000241/ldm106_aligned.csv,person_04/frame_000241/ldm134_raw.csv,person_04/frame_000241/ldm134_aligned.csv,person_04/frame_000241/metadata.json,person_04/frame_000241/record.npz
frame_000229,frame_000229.jpg,229,-62.16118621826172,-7.91152811050415,4.493578910827637,left_profile,-70.0,person_04/frame_000229/ldm106_raw.csv,person_04/frame_000229/ldm106_aligned.csv,person_04/frame_000229/ldm134_raw.csv,person_04/frame_000229/ldm134_aligned.csv,person_04/frame_000229/metadata.json,person_04/frame_000229/record.npz
frame_000243,frame_000243.jpg,243,-62.05572891235352,-9.149944305419922,5.6036176681518555,left_profile,-70.0,person_04/frame_000243/ldm106_raw.csv,person_04/frame_000243/ldm106_aligned.csv,person_04/frame_000243/ldm134_raw.csv,person_04/frame_000243/ldm134_aligned.csv,person_04/frame_000243/metadata.json,person_04/frame_000243/record.npz
frame_000244,frame_000244.jpg,244,-62.037689208984375,-8.80121898651123,5.433987617492676,left_profile,-70.0,person_04/frame_000244/ldm106_raw.csv,person_04/frame_000244/ldm106_aligned.csv,person_04/frame_000244/ldm134_raw.csv,person_04/frame_000244/ldm134_aligned.csv,person_04/frame_000244/metadata.json,person_04/frame_000244/record.npz
frame_000232,frame_000232.jpg,232,-61.92624282836914,-7.954423427581787,4.340198040008545,left_profile,-70.0,person_04/frame_000232/ldm106_raw.csv,person_04/frame_000232/ldm106_aligned.csv,person_04/frame_000232/ldm134_raw.csv,person_04/frame_000232/ldm134_aligned.csv,person_04/frame_000232/metadata.json,person_04/frame_000232/record.npz
frame_000228,frame_000228.jpg,228,-61.90089416503906,-7.362668514251709,3.9889514446258545,left_profile,-70.0,person_04/frame_000228/ldm106_raw.csv,person_04/frame_000228/ldm106_aligned.csv,person_04/frame_000228/ldm134_raw.csv,person_04/frame_000228/ldm134_aligned.csv,person_04/frame_000228/metadata.json,person_04/frame_000228/record.npz
frame_000248,frame_000248.jpg,248,-61.80044937133789,-7.8970112800598145,4.988275527954102,left_profile,-70.0,person_04/frame_000248/ldm106_raw.csv,person_04/frame_000248/ldm106_aligned.csv,person_04/frame_000248/ldm134_raw.csv,person_04/frame_000248/ldm134_aligned.csv,person_04/frame_000248/metadata.json,person_04/frame_000248/record.npz
frame_000247,frame_000247.jpg,247,-61.778785705566406,-8.213248252868652,5.054197311401367,left_profile,-70.0,person_04/frame_000247/ldm106_raw.csv,person_04/frame_000247/ldm106_aligned.csv,person_04/frame_000247/ldm134_raw.csv,person_04/frame_000247/ldm134_aligned.csv,person_04/frame_000247/metadata.json,person_04/frame_000247/record.npz
frame_000231,frame_000231.jpg,231,-61.71902084350586,-7.935701847076416,4.3275251388549805,left_profile,-70.0,person_04/frame_000231/ldm106_raw.csv,person_04/frame_000231/ldm106_aligned.csv,person_04/frame_000231/ldm134_raw.csv,person_04/frame_000231/ldm134_aligned.csv,person_04/frame_000231/metadata.json,person_04/frame_000231/record.npz
frame_000227,frame_000227.jpg,227,-61.63576126098633,-7.315622329711914,4.1170830726623535,left_profile,-70.0,person_04/frame_000227/ldm106_raw.csv,person_04/frame_000227/ldm106_aligned.csv,person_04/frame_000227/ldm134_raw.csv,person_04/frame_000227/ldm134_aligned.csv,person_04/frame_000227/metadata.json,person_04/frame_000227/record.npz
frame_000250,frame_000250.jpg,250,-61.57863998413086,-8.045442581176758,4.842802047729492,left_profile,-70.0,person_04/frame_000250/ldm106_raw.csv,person_04/frame_000250/ldm106_aligned.csv,person_04/frame_000250/ldm134_raw.csv,person_04/frame_000250/ldm134_aligned.csv,person_04/frame_000250/metadata.json,person_04/frame_000250/record.npz
frame_000245,frame_000245.jpg,245,-61.53166961669922,-8.955366134643555,5.647324562072754,left_profile,-70.0,person_04/frame_000245/ldm106_raw.csv,person_04/frame_000245/ldm106_aligned.csv,person_04/frame_000245/ldm134_raw.csv,person_04/frame_000245/ldm134_aligned.csv,person_04/frame_000245/metadata.json,person_04/frame_000245/record.npz
frame_000230,frame_000230.jpg,230,-61.48812484741211,-7.754479885101318,4.094731330871582,left_profile,-70.0,person_04/frame_000230/ldm106_raw.csv,person_04/frame_000230/ldm106_aligned.csv,person_04/frame_000230/ldm134_raw.csv,person_04/frame_000230/ldm134_aligned.csv,person_04/frame_000230/metadata.json,person_04/frame_000230/record.npz
frame_000235,frame_000235.jpg,235,-61.4283561706543,-8.403308868408203,4.8548102378845215,left_profile,-70.0,person_04/frame_000235/ldm106_raw.csv,person_04/frame_000235/ldm106_aligned.csv,person_04/frame_000235/ldm134_raw.csv,person_04/frame_000235/ldm134_aligned.csv,person_04/frame_000235/metadata.json,person_04/frame_000235/record.npz
frame_000226,frame_000226.jpg,226,-61.33128356933594,-7.5994696617126465,4.356368541717529,left_profile,-70.0,person_04/frame_000226/ldm106_raw.csv,person_04/frame_000226/ldm106_aligned.csv,person_04/frame_000226/ldm134_raw.csv,person_04/frame_000226/ldm134_aligned.csv,person_04/frame_000226/metadata.json,person_04/frame_000226/record.npz
frame_000238,frame_000238.jpg,238,-61.32291793823242,-7.37849235534668,4.015712261199951,left_profile,-70.0,person_04/frame_000238/ldm106_raw.csv,person_04/frame_000238/ldm106_aligned.csv,person_04/frame_000238/ldm134_raw.csv,person_04/frame_000238/ldm134_aligned.csv,person_04/frame_000238/metadata.json,person_04/frame_000238/record.npz
frame_000251,frame_000251.jpg,251,-61.30623245239258,-8.246403694152832,5.104634761810303,left_profile,-70.0,person_04/frame_000251/ldm106_raw.csv,person_04/frame_000251/ldm106_aligned.csv,person_04/frame_000251/ldm134_raw.csv,person_04/frame_000251/ldm134_aligned.csv,person_04/frame_000251/metadata.json,person_04/frame_000251/record.npz
frame_000224,frame_000224.jpg,224,-61.2784538269043,-7.415696620941162,4.241672992706299,left_profile,-70.0,person_04/frame_000224/ldm106_raw.csv,person_04/frame_000224/ldm106_aligned.csv,person_04/frame_000224/ldm134_raw.csv,person_04/frame_000224/ldm134_aligned.csv,person_04/frame_000224/metadata.json,person_04/frame_000224/record.npz
frame_000225,frame_000225.jpg,225,-61.26189804077149,-7.769498348236084,4.51495361328125,left_profile,-70.0,person_04/frame_000225/ldm106_raw.csv,person_04/frame_000225/ldm106_aligned.csv,person_04/frame_000225/ldm134_raw.csv,person_04/frame_000225/ldm134_aligned.csv,person_04/frame_000225/metadata.json,person_04/frame_000225/record.npz
frame_000236,frame_000236.jpg,236,-61.223968505859375,-8.075406074523926,4.615495204925537,left_profile,-70.0,person_04/frame_000236/ldm106_raw.csv,person_04/frame_000236/ldm106_aligned.csv,person_04/frame_000236/ldm134_raw.csv,person_04/frame_000236/ldm134_aligned.csv,person_04/frame_000236/metadata.json,person_04/frame_000236/record.npz
frame_000246,frame_000246.jpg,246,-61.21064758300781,-8.693560600280762,5.369199275970459,left_profile,-70.0,person_04/frame_000246/ldm106_raw.csv,person_04/frame_000246/ldm106_aligned.csv,person_04/frame_000246/ldm134_raw.csv,person_04/frame_000246/ldm134_aligned.csv,person_04/frame_000246/metadata.json,person_04/frame_000246/record.npz
frame_000249,frame_000249.jpg,249,-61.11003875732422,-8.082486152648926,4.872599124908447,left_profile,-70.0,person_04/frame_000249/ldm106_raw.csv,person_04/frame_000249/ldm106_aligned.csv,person_04/frame_000249/ldm134_raw.csv,person_04/frame_000249/ldm134_aligned.csv,person_04/frame_000249/metadata.json,person_04/frame_000249/record.npz
frame_000252,frame_000252.jpg,252,-61.07074737548828,-8.462800979614258,5.2852702140808105,left_profile,-70.0,person_04/frame_000252/ldm106_raw.csv,person_04/frame_000252/ldm106_aligned.csv,person_04/frame_000252/ldm134_raw.csv,person_04/frame_000252/ldm134_aligned.csv,person_04/frame_000252/metadata.json,person_04/frame_000252/record.npz
frame_000223,frame_000223.jpg,223,-61.062618255615234,-7.687747001647949,4.387176036834717,left_profile,-70.0,person_04/frame_000223/ldm106_raw.csv,person_04/frame_000223/ldm106_aligned.csv,person_04/frame_000223/ldm134_raw.csv,person_04/frame_000223/ldm134_aligned.csv,person_04/frame_000223/metadata.json,person_04/frame_000223/record.npz
frame_000239,frame_000239.jpg,239,-61.04798126220703,-7.943432807922363,4.62541389465332,left_profile,-70.0,person_04/frame_000239/ldm106_raw.csv,person_04/frame_000239/ldm106_aligned.csv,person_04/frame_000239/ldm134_raw.csv,person_04/frame_000239/ldm134_aligned.csv,person_04/frame_000239/metadata.json,person_04/frame_000239/record.npz
frame_000240,frame_000240.jpg,240,-61.014068603515625,-7.957021236419678,4.5607500076293945,left_profile,-70.0,person_04/frame_000240/ldm106_raw.csv,person_04/frame_000240/ldm106_aligned.csv,person_04/frame_000240/ldm134_raw.csv,person_04/frame_000240/ldm134_aligned.csv,person_04/frame_000240/metadata.json,person_04/frame_000240/record.npz
frame_000234,frame_000234.jpg,234,-60.821964263916016,-7.945526123046875,4.339358329772949,left_profile,-70.0,person_04/frame_000234/ldm106_raw.csv,person_04/frame_000234/ldm106_aligned.csv,person_04/frame_000234/ldm134_raw.csv,person_04/frame_000234/ldm134_aligned.csv,person_04/frame_000234/metadata.json,person_04/frame_000234/record.npz
frame_000221,frame_000221.jpg,221,-60.768280029296875,-7.565463542938232,4.2037553787231445,left_profile,-70.0,person_04/frame_000221/ldm106_raw.csv,person_04/frame_000221/ldm106_aligned.csv,person_04/frame_000221/ldm134_raw.csv,person_04/frame_000221/ldm134_aligned.csv,person_04/frame_000221/metadata.json,person_04/frame_000221/record.npz
frame_000237,frame_000237.jpg,237,-60.73450469970703,-8.078081130981445,4.644650459289551,left_profile,-70.0,person_04/frame_000237/ldm106_raw.csv,person_04/frame_000237/ldm106_aligned.csv,person_04/frame_000237/ldm134_raw.csv,person_04/frame_000237/ldm134_aligned.csv,person_04/frame_000237/metadata.json,person_04/frame_000237/record.npz
frame_000222,frame_000222.jpg,222,-60.50893020629883,-7.346791744232178,4.062012195587158,left_profile,-70.0,person_04/frame_000222/ldm106_raw.csv,person_04/frame_000222/ldm106_aligned.csv,person_04/frame_000222/ldm134_raw.csv,person_04/frame_000222/ldm134_aligned.csv,person_04/frame_000222/metadata.json,person_04/frame_000222/record.npz
frame_000220,frame_000220.jpg,220,-60.314693450927734,-7.240709781646728,4.009649276733398,left_profile,-70.0,person_04/frame_000220/ldm106_raw.csv,person_04/frame_000220/ldm106_aligned.csv,person_04/frame_000220/ldm134_raw.csv,person_04/frame_000220/ldm134_aligned.csv,person_04/frame_000220/metadata.json,person_04/frame_000220/record.npz
frame_000218,frame_000218.jpg,218,-60.24881362915039,-7.43165111541748,4.411575794219971,left_profile,-70.0,person_04/frame_000218/ldm106_raw.csv,person_04/frame_000218/ldm106_aligned.csv,person_04/frame_000218/ldm134_raw.csv,person_04/frame_000218/ldm134_aligned.csv,person_04/frame_000218/metadata.json,person_04/frame_000218/record.npz
frame_000219,frame_000219.jpg,219,-59.778202056884766,-7.636291027069092,4.203283786773682,left_profile,-70.0,person_04/frame_000219/ldm106_raw.csv,person_04/frame_000219/ldm106_aligned.csv,person_04/frame_000219/ldm134_raw.csv,person_04/frame_000219/ldm134_aligned.csv,person_04/frame_000219/metadata.json,person_04/frame_000219/record.npz
frame_000217,frame_000217.jpg,217,-59.531551361083984,-7.0577802658081055,4.165760040283203,left_profile,-70.0,person_04/frame_000217/ldm106_raw.csv,person_04/frame_000217/ldm106_aligned.csv,person_04/frame_000217/ldm134_raw.csv,person_04/frame_000217/ldm134_aligned.csv,person_04/frame_000217/metadata.json,person_04/frame_000217/record.npz
frame_000216,frame_000216.jpg,216,-59.128658294677734,-7.3056321144104,4.380209445953369,left_profile,-70.0,person_04/frame_000216/ldm106_raw.csv,person_04/frame_000216/ldm106_aligned.csv,person_04/frame_000216/ldm134_raw.csv,person_04/frame_000216/ldm134_aligned.csv,person_04/frame_000216/metadata.json,person_04/frame_000216/record.npz
frame_000215,frame_000215.jpg,215,-58.56418228149414,-6.830896854400635,4.015303611755371,left_profile,-70.0,person_04/frame_000215/ldm106_raw.csv,person_04/frame_000215/ldm106_aligned.csv,person_04/frame_000215/ldm134_raw.csv,person_04/frame_000215/ldm134_aligned.csv,person_04/frame_000215/metadata.json,person_04/frame_000215/record.npz
frame_000214,frame_000214.jpg,214,-58.47430419921875,-6.710728645324707,4.006411075592041,left_profile,-70.0,person_04/frame_000214/ldm106_raw.csv,person_04/frame_000214/ldm106_aligned.csv,person_04/frame_000214/ldm134_raw.csv,person_04/frame_000214/ldm134_aligned.csv,person_04/frame_000214/metadata.json,person_04/frame_000214/record.npz
frame_000213,frame_000213.jpg,213,-57.94642639160156,-6.226319789886475,3.5170769691467285,left_profile,-70.0,person_04/frame_000213/ldm106_raw.csv,person_04/frame_000213/ldm106_aligned.csv,person_04/frame_000213/ldm134_raw.csv,person_04/frame_000213/ldm134_aligned.csv,person_04/frame_000213/metadata.json,person_04/frame_000213/record.npz
frame_000212,frame_000212.jpg,212,-57.50655746459961,-6.649077892303467,3.5846376419067383,left_profile,-70.0,person_04/frame_000212/ldm106_raw.csv,person_04/frame_000212/ldm106_aligned.csv,person_04/frame_000212/ldm134_raw.csv,person_04/frame_000212/ldm134_aligned.csv,person_04/frame_000212/metadata.json,person_04/frame_000212/record.npz
frame_000211,frame_000211.jpg,211,-57.16012191772461,-6.566372871398926,3.2823054790496826,left_profile,-70.0,person_04/frame_000211/ldm106_raw.csv,person_04/frame_000211/ldm106_aligned.csv,person_04/frame_000211/ldm134_raw.csv,person_04/frame_000211/ldm134_aligned.csv,person_04/frame_000211/metadata.json,person_04/frame_000211/record.npz
frame_000209,frame_000209.jpg,209,-56.41339492797851,-6.899750232696533,3.299339771270752,left_profile,-70.0,person_04/frame_000209/ldm106_raw.csv,person_04/frame_000209/ldm106_aligned.csv,person_04/frame_000209/ldm134_raw.csv,person_04/frame_000209/ldm134_aligned.csv,person_04/frame_000209/metadata.json,person_04/frame_000209/record.npz
frame_000210,frame_000210.jpg,210,-56.24688720703125,-6.5098161697387695,3.0691123008728027,left_profile,-70.0,person_04/frame_000210/ldm106_raw.csv,person_04/frame_000210/ldm106_aligned.csv,person_04/frame_000210/ldm134_raw.csv,person_04/frame_000210/ldm134_aligned.csv,person_04/frame_000210/metadata.json,person_04/frame_000210/record.npz
frame_000208,frame_000208.jpg,208,-55.204158782958984,-6.901252746582031,3.460899829864502,left_profile,-70.0,person_04/frame_000208/ldm106_raw.csv,person_04/frame_000208/ldm106_aligned.csv,person_04/frame_000208/ldm134_raw.csv,person_04/frame_000208/ldm134_aligned.csv,person_04/frame_000208/metadata.json,person_04/frame_000208/record.npz
frame_000207,frame_000207.jpg,207,-54.397117614746094,-6.868332862854004,3.462484836578369,left_profile,-70.0,person_04/frame_000207/ldm106_raw.csv,person_04/frame_000207/ldm106_aligned.csv,person_04/frame_000207/ldm134_raw.csv,person_04/frame_000207/ldm134_aligned.csv,person_04/frame_000207/metadata.json,person_04/frame_000207/record.npz
frame_000206,frame_000206.jpg,206,-53.95988464355469,-7.280068397521973,3.9895832538604736,left_profile,-70.0,person_04/frame_000206/ldm106_raw.csv,person_04/frame_000206/ldm106_aligned.csv,person_04/frame_000206/ldm134_raw.csv,person_04/frame_000206/ldm134_aligned.csv,person_04/frame_000206/metadata.json,person_04/frame_000206/record.npz
frame_000205,frame_000205.jpg,205,-53.38975143432617,-7.428106307983398,3.9443767070770264,left_profile,-70.0,person_04/frame_000205/ldm106_raw.csv,person_04/frame_000205/ldm106_aligned.csv,person_04/frame_000205/ldm134_raw.csv,person_04/frame_000205/ldm134_aligned.csv,person_04/frame_000205/metadata.json,person_04/frame_000205/record.npz
frame_000204,frame_000204.jpg,204,-53.03672409057617,-7.120928764343262,3.609455108642578,left_profile,-70.0,person_04/frame_000204/ldm106_raw.csv,person_04/frame_000204/ldm106_aligned.csv,person_04/frame_000204/ldm134_raw.csv,person_04/frame_000204/ldm134_aligned.csv,person_04/frame_000204/metadata.json,person_04/frame_000204/record.npz
frame_000203,frame_000203.jpg,203,-52.38702774047851,-7.193087100982666,3.994002103805542,left_profile,-70.0,person_04/frame_000203/ldm106_raw.csv,person_04/frame_000203/ldm106_aligned.csv,person_04/frame_000203/ldm134_raw.csv,person_04/frame_000203/ldm134_aligned.csv,person_04/frame_000203/metadata.json,person_04/frame_000203/record.npz
frame_000202,frame_000202.jpg,202,-51.743133544921875,-7.343812942504883,3.904241800308227,left_profile,-70.0,person_04/frame_000202/ldm106_raw.csv,person_04/frame_000202/ldm106_aligned.csv,person_04/frame_000202/ldm134_raw.csv,person_04/frame_000202/ldm134_aligned.csv,person_04/frame_000202/metadata.json,person_04/frame_000202/record.npz
frame_000201,frame_000201.jpg,201,-50.763389587402344,-7.709835052490234,4.023382663726807,left_profile,-70.0,person_04/frame_000201/ldm106_raw.csv,person_04/frame_000201/ldm106_aligned.csv,person_04/frame_000201/ldm134_raw.csv,person_04/frame_000201/ldm134_aligned.csv,person_04/frame_000201/metadata.json,person_04/frame_000201/record.npz
frame_000200,frame_000200.jpg,200,-48.91498947143555,-7.559114933013916,4.074368953704834,left_deep,-45.0,person_04/frame_000200/ldm106_raw.csv,person_04/frame_000200/ldm106_aligned.csv,person_04/frame_000200/ldm134_raw.csv,person_04/frame_000200/ldm134_aligned.csv,person_04/frame_000200/metadata.json,person_04/frame_000200/record.npz
frame_000199,frame_000199.jpg,199,-47.1855354309082,-8.149240493774414,4.168684482574463,left_deep,-45.0,person_04/frame_000199/ldm106_raw.csv,person_04/frame_000199/ldm106_aligned.csv,person_04/frame_000199/ldm134_raw.csv,person_04/frame_000199/ldm134_aligned.csv,person_04/frame_000199/metadata.json,person_04/frame_000199/record.npz
frame_000198,frame_000198.jpg,198,-45.09626007080078,-8.294533729553223,4.582080841064453,left_deep,-45.0,person_04/frame_000198/ldm106_raw.csv,person_04/frame_000198/ldm106_aligned.csv,person_04/frame_000198/ldm134_raw.csv,person_04/frame_000198/ldm134_aligned.csv,person_04/frame_000198/metadata.json,person_04/frame_000198/record.npz
frame_000197,frame_000197.jpg,197,-43.115013122558594,-8.501423835754395,4.633725166320801,left_deep,-45.0,person_04/frame_000197/ldm106_raw.csv,person_04/frame_000197/ldm106_aligned.csv,person_04/frame_000197/ldm134_raw.csv,person_04/frame_000197/ldm134_aligned.csv,person_04/frame_000197/metadata.json,person_04/frame_000197/record.npz
frame_000196,frame_000196.jpg,196,-41.45875930786133,-7.971453666687012,4.781028747558594,left_deep,-45.0,person_04/frame_000196/ldm106_raw.csv,person_04/frame_000196/ldm106_aligned.csv,person_04/frame_000196/ldm134_raw.csv,person_04/frame_000196/ldm134_aligned.csv,person_04/frame_000196/metadata.json,person_04/frame_000196/record.npz
frame_000195,frame_000195.jpg,195,-39.59418869018555,-7.7535576820373535,5.024075508117676,left_mid,-32.5,person_04/frame_000195/ldm106_raw.csv,person_04/frame_000195/ldm106_aligned.csv,person_04/frame_000195/ldm134_raw.csv,person_04/frame_000195/ldm134_aligned.csv,person_04/frame_000195/metadata.json,person_04/frame_000195/record.npz
frame_000194,frame_000194.jpg,194,-38.070613861083984,-7.028471946716309,4.831559658050537,left_mid,-32.5,person_04/frame_000194/ldm106_raw.csv,person_04/frame_000194/ldm106_aligned.csv,person_04/frame_000194/ldm134_raw.csv,person_04/frame_000194/ldm134_aligned.csv,person_04/frame_000194/metadata.json,person_04/frame_000194/record.npz
frame_000193,frame_000193.jpg,193,-36.11290740966797,-6.714599132537842,4.815813064575195,left_mid,-32.5,person_04/frame_000193/ldm106_raw.csv,person_04/frame_000193/ldm106_aligned.csv,person_04/frame_000193/ldm134_raw.csv,person_04/frame_000193/ldm134_aligned.csv,person_04/frame_000193/metadata.json,person_04/frame_000193/record.npz
frame_000192,frame_000192.jpg,192,-34.83744812011719,-6.360128402709961,4.558844089508057,left_mid,-32.5,person_04/frame_000192/ldm106_raw.csv,person_04/frame_000192/ldm106_aligned.csv,person_04/frame_000192/ldm134_raw.csv,person_04/frame_000192/ldm134_aligned.csv,person_04/frame_000192/metadata.json,person_04/frame_000192/record.npz
frame_000191,frame_000191.jpg,191,-33.4932861328125,-6.117414951324463,4.6871538162231445,left_mid,-32.5,person_04/frame_000191/ldm106_raw.csv,person_04/frame_000191/ldm106_aligned.csv,person_04/frame_000191/ldm134_raw.csv,person_04/frame_000191/ldm134_aligned.csv,person_04/frame_000191/metadata.json,person_04/frame_000191/record.npz
frame_000190,frame_000190.jpg,190,-31.85136985778809,-5.011487007141113,4.419675350189209,left_mid,-32.5,person_04/frame_000190/ldm106_raw.csv,person_04/frame_000190/ldm106_aligned.csv,person_04/frame_000190/ldm134_raw.csv,person_04/frame_000190/ldm134_aligned.csv,person_04/frame_000190/metadata.json,person_04/frame_000190/record.npz
frame_000189,frame_000189.jpg,189,-29.74134063720703,-4.232442855834961,4.339720726013184,left_mid,-32.5,person_04/frame_000189/ldm106_raw.csv,person_04/frame_000189/ldm106_aligned.csv,person_04/frame_000189/ldm134_raw.csv,person_04/frame_000189/ldm134_aligned.csv,person_04/frame_000189/metadata.json,person_04/frame_000189/record.npz
frame_000188,frame_000188.jpg,188,-28.035449981689453,-3.785494565963745,3.9111616611480713,left_mid,-32.5,person_04/frame_000188/ldm106_raw.csv,person_04/frame_000188/ldm106_aligned.csv,person_04/frame_000188/ldm134_raw.csv,person_04/frame_000188/ldm134_aligned.csv,person_04/frame_000188/metadata.json,person_04/frame_000188/record.npz
frame_000187,frame_000187.jpg,187,-26.54302406311035,-3.588395118713379,3.88266396522522,left_mid,-32.5,person_04/frame_000187/ldm106_raw.csv,person_04/frame_000187/ldm106_aligned.csv,person_04/frame_000187/ldm134_raw.csv,person_04/frame_000187/ldm134_aligned.csv,person_04/frame_000187/metadata.json,person_04/frame_000187/record.npz
frame_000186,frame_000186.jpg,186,-24.880191802978516,-2.919863700866699,3.493028402328491,left_light,-17.5,person_04/frame_000186/ldm106_raw.csv,person_04/frame_000186/ldm106_aligned.csv,person_04/frame_000186/ldm134_raw.csv,person_04/frame_000186/ldm134_aligned.csv,person_04/frame_000186/metadata.json,person_04/frame_000186/record.npz
frame_000185,frame_000185.jpg,185,-23.232162475585938,-2.700469493865967,3.5478367805480957,left_light,-17.5,person_04/frame_000185/ldm106_raw.csv,person_04/frame_000185/ldm106_aligned.csv,person_04/frame_000185/ldm134_raw.csv,person_04/frame_000185/ldm134_aligned.csv,person_04/frame_000185/metadata.json,person_04/frame_000185/record.npz
frame_000184,frame_000184.jpg,184,-21.50223159790039,-2.426584482192993,3.260021448135376,left_light,-17.5,person_04/frame_000184/ldm106_raw.csv,person_04/frame_000184/ldm106_aligned.csv,person_04/frame_000184/ldm134_raw.csv,person_04/frame_000184/ldm134_aligned.csv,person_04/frame_000184/metadata.json,person_04/frame_000184/record.npz
frame_000183,frame_000183.jpg,183,-19.99160385131836,-2.1955764293670654,3.0182080268859863,left_light,-17.5,person_04/frame_000183/ldm106_raw.csv,person_04/frame_000183/ldm106_aligned.csv,person_04/frame_000183/ldm134_raw.csv,person_04/frame_000183/ldm134_aligned.csv,person_04/frame_000183/metadata.json,person_04/frame_000183/record.npz
frame_000182,frame_000182.jpg,182,-18.40220069885254,-1.858081340789795,2.8132612705230713,left_light,-17.5,person_04/frame_000182/ldm106_raw.csv,person_04/frame_000182/ldm106_aligned.csv,person_04/frame_000182/ldm134_raw.csv,person_04/frame_000182/ldm134_aligned.csv,person_04/frame_000182/metadata.json,person_04/frame_000182/record.npz
frame_000181,frame_000181.jpg,181,-16.74230194091797,-1.5824695825576782,2.6262924671173096,left_light,-17.5,person_04/frame_000181/ldm106_raw.csv,person_04/frame_000181/ldm106_aligned.csv,person_04/frame_000181/ldm134_raw.csv,person_04/frame_000181/ldm134_aligned.csv,person_04/frame_000181/metadata.json,person_04/frame_000181/record.npz
frame_000180,frame_000180.jpg,180,-14.761795043945312,-2.024582862854004,2.611391305923462,left_light,-17.5,person_04/frame_000180/ldm106_raw.csv,person_04/frame_000180/ldm106_aligned.csv,person_04/frame_000180/ldm134_raw.csv,person_04/frame_000180/ldm134_aligned.csv,person_04/frame_000180/metadata.json,person_04/frame_000180/record.npz
frame_000179,frame_000179.jpg,179,-13.065173149108888,-2.0745272636413574,2.6326167583465576,left_light,-17.5,person_04/frame_000179/ldm106_raw.csv,person_04/frame_000179/ldm106_aligned.csv,person_04/frame_000179/ldm134_raw.csv,person_04/frame_000179/ldm134_aligned.csv,person_04/frame_000179/metadata.json,person_04/frame_000179/record.npz
frame_000178,frame_000178.jpg,178,-11.28996753692627,-1.4301081895828247,2.4357950687408447,left_light,-17.5,person_04/frame_000178/ldm106_raw.csv,person_04/frame_000178/ldm106_aligned.csv,person_04/frame_000178/ldm134_raw.csv,person_04/frame_000178/ldm134_aligned.csv,person_04/frame_000178/metadata.json,person_04/frame_000178/record.npz
frame_000177,frame_000177.jpg,177,-9.346952438354492,-0.0468978360295295,2.2400736808776855,frontal,0.0,person_04/frame_000177/ldm106_raw.csv,person_04/frame_000177/ldm106_aligned.csv,person_04/frame_000177/ldm134_raw.csv,person_04/frame_000177/ldm134_aligned.csv,person_04/frame_000177/metadata.json,person_04/frame_000177/record.npz
frame_000176,frame_000176.jpg,176,-8.225541114807129,-0.5354041457176208,2.280317544937134,frontal,0.0,person_04/frame_000176/ldm106_raw.csv,person_04/frame_000176/ldm106_aligned.csv,person_04/frame_000176/ldm134_raw.csv,person_04/frame_000176/ldm134_aligned.csv,person_04/frame_000176/metadata.json,person_04/frame_000176/record.npz
frame_000175,frame_000175.jpg,175,-7.439639091491699,0.1782091706991195,2.2904508113861084,frontal,0.0,person_04/frame_000175/ldm106_raw.csv,person_04/frame_000175/ldm106_aligned.csv,person_04/frame_000175/ldm134_raw.csv,person_04/frame_000175/ldm134_aligned.csv,person_04/frame_000175/metadata.json,person_04/frame_000175/record.npz
frame_000174,frame_000174.jpg,174,-6.761854648590088,-0.4219866096973419,2.40651273727417,frontal,0.0,person_04/frame_000174/ldm106_raw.csv,person_04/frame_000174/ldm106_aligned.csv,person_04/frame_000174/ldm134_raw.csv,person_04/frame_000174/ldm134_aligned.csv,person_04/frame_000174/metadata.json,person_04/frame_000174/record.npz
frame_000173,frame_000173.jpg,173,-6.004593372344971,-0.2196618616580963,2.504354476928711,frontal,0.0,person_04/frame_000173/ldm106_raw.csv,person_04/frame_000173/ldm106_aligned.csv,person_04/frame_000173/ldm134_raw.csv,person_04/frame_000173/ldm134_aligned.csv,person_04/frame_000173/metadata.json,person_04/frame_000173/record.npz
frame_000172,frame_000172.jpg,172,-5.235927581787109,-0.0360376760363578,2.523374080657959,frontal,0.0,person_04/frame_000172/ldm106_raw.csv,person_04/frame_000172/ldm106_aligned.csv,person_04/frame_000172/ldm134_raw.csv,person_04/frame_000172/ldm134_aligned.csv,person_04/frame_000172/metadata.json,person_04/frame_000172/record.npz
frame_000171,frame_000171.jpg,171,-4.369226932525635,0.6661778688430786,2.6976277828216553,frontal,0.0,person_04/frame_000171/ldm106_raw.csv,person_04/frame_000171/ldm106_aligned.csv,person_04/frame_000171/ldm134_raw.csv,person_04/frame_000171/ldm134_aligned.csv,person_04/frame_000171/metadata.json,person_04/frame_000171/record.npz
frame_000170,frame_000170.jpg,170,-3.471175193786621,-0.0855664163827896,2.7440433502197266,frontal,0.0,person_04/frame_000170/ldm106_raw.csv,person_04/frame_000170/ldm106_aligned.csv,person_04/frame_000170/ldm134_raw.csv,person_04/frame_000170/ldm134_aligned.csv,person_04/frame_000170/metadata.json,person_04/frame_000170/record.npz
frame_000169,frame_000169.jpg,169,-2.874772310256958,0.620559811592102,2.8051226139068604,frontal,0.0,person_04/frame_000169/ldm106_raw.csv,person_04/frame_000169/ldm106_aligned.csv,person_04/frame_000169/ldm134_raw.csv,person_04/frame_000169/ldm134_aligned.csv,person_04/frame_000169/metadata.json,person_04/frame_000169/record.npz
frame_000168,frame_000168.jpg,168,-2.17277193069458,0.7338285446166992,2.782294988632202,frontal,0.0,person_04/frame_000168/ldm106_raw.csv,person_04/frame_000168/ldm106_aligned.csv,person_04/frame_000168/ldm134_raw.csv,person_04/frame_000168/ldm134_aligned.csv,person_04/frame_000168/metadata.json,person_04/frame_000168/record.npz
frame_000167,frame_000167.jpg,167,-1.405295729637146,0.4624233245849609,2.809708833694458,frontal,0.0,person_04/frame_000167/ldm106_raw.csv,person_04/frame_000167/ldm106_aligned.csv,person_04/frame_000167/ldm134_raw.csv,person_04/frame_000167/ldm134_aligned.csv,person_04/frame_000167/metadata.json,person_04/frame_000167/record.npz
frame_000166,frame_000166.jpg,166,-0.9250621795654296,0.2985637187957763,2.8097727298736572,frontal,0.0,person_04/frame_000166/ldm106_raw.csv,person_04/frame_000166/ldm106_aligned.csv,person_04/frame_000166/ldm134_raw.csv,person_04/frame_000166/ldm134_aligned.csv,person_04/frame_000166/metadata.json,person_04/frame_000166/record.npz
frame_000165,frame_000165.jpg,165,-0.4475353062152862,0.0887477397918701,2.7972922325134277,frontal,0.0,person_04/frame_000165/ldm106_raw.csv,person_04/frame_000165/ldm106_aligned.csv,person_04/frame_000165/ldm134_raw.csv,person_04/frame_000165/ldm134_aligned.csv,person_04/frame_000165/metadata.json,person_04/frame_000165/record.npz
frame_000164,frame_000164.jpg,164,0.1044600531458854,0.0049926545470952,2.820253610610962,frontal,0.0,person_04/frame_000164/ldm106_raw.csv,person_04/frame_000164/ldm106_aligned.csv,person_04/frame_000164/ldm134_raw.csv,person_04/frame_000164/ldm134_aligned.csv,person_04/frame_000164/metadata.json,person_04/frame_000164/record.npz
frame_000163,frame_000163.jpg,163,0.4112490713596344,0.0576204881072044,2.785346746444702,frontal,0.0,person_04/frame_000163/ldm106_raw.csv,person_04/frame_000163/ldm106_aligned.csv,person_04/frame_000163/ldm134_raw.csv,person_04/frame_000163/ldm134_aligned.csv,person_04/frame_000163/metadata.json,person_04/frame_000163/record.npz
frame_000162,frame_000162.jpg,162,0.7918122410774231,0.1373501271009445,2.792351007461548,frontal,0.0,person_04/frame_000162/ldm106_raw.csv,person_04/frame_000162/ldm106_aligned.csv,person_04/frame_000162/ldm134_raw.csv,person_04/frame_000162/ldm134_aligned.csv,person_04/frame_000162/metadata.json,person_04/frame_000162/record.npz
frame_000161,frame_000161.jpg,161,1.160892128944397,-0.6319544911384583,2.718087673187256,frontal,0.0,person_04/frame_000161/ldm106_raw.csv,person_04/frame_000161/ldm106_aligned.csv,person_04/frame_000161/ldm134_raw.csv,person_04/frame_000161/ldm134_aligned.csv,person_04/frame_000161/metadata.json,person_04/frame_000161/record.npz
frame_000160,frame_000160.jpg,160,1.3295389413833618,-0.6911048889160156,2.803184509277344,frontal,0.0,person_04/frame_000160/ldm106_raw.csv,person_04/frame_000160/ldm106_aligned.csv,person_04/frame_000160/ldm134_raw.csv,person_04/frame_000160/ldm134_aligned.csv,person_04/frame_000160/metadata.json,person_04/frame_000160/record.npz
frame_000159,frame_000159.jpg,159,1.537450075149536,-0.7678266167640686,2.801846504211426,frontal,0.0,person_04/frame_000159/ldm106_raw.csv,person_04/frame_000159/ldm106_aligned.csv,person_04/frame_000159/ldm134_raw.csv,person_04/frame_000159/ldm134_aligned.csv,person_04/frame_000159/metadata.json,person_04/frame_000159/record.npz
frame_000152,frame_000152.jpg,152,1.5731357336044312,-0.6499102115631104,2.9027724266052246,frontal,0.0,person_04/frame_000152/ldm106_raw.csv,person_04/frame_000152/ldm106_aligned.csv,person_04/frame_000152/ldm134_raw.csv,person_04/frame_000152/ldm134_aligned.csv,person_04/frame_000152/metadata.json,person_04/frame_000152/record.npz
frame_000149,frame_000149.jpg,149,1.5873247385025024,-0.9541942477226256,2.8812429904937744,frontal,0.0,person_04/frame_000149/ldm106_raw.csv,person_04/frame_000149/ldm106_aligned.csv,person_04/frame_000149/ldm134_raw.csv,person_04/frame_000149/ldm134_aligned.csv,person_04/frame_000149/metadata.json,person_04/frame_000149/record.npz
frame_000157,frame_000157.jpg,157,1.5936200618743896,-0.4808281064033508,2.8654274940490723,frontal,0.0,person_04/frame_000157/ldm106_raw.csv,person_04/frame_000157/ldm106_aligned.csv,person_04/frame_000157/ldm134_raw.csv,person_04/frame_000157/ldm134_aligned.csv,person_04/frame_000157/metadata.json,person_04/frame_000157/record.npz
frame_000153,frame_000153.jpg,153,1.60020911693573,-0.657962441444397,2.900154829025269,frontal,0.0,person_04/frame_000153/ldm106_raw.csv,person_04/frame_000153/ldm106_aligned.csv,person_04/frame_000153/ldm134_raw.csv,person_04/frame_000153/ldm134_aligned.csv,person_04/frame_000153/metadata.json,person_04/frame_000153/record.npz
frame_000158,frame_000158.jpg,158,1.6187615394592283,-0.7484402656555176,2.747676134109497,frontal,0.0,person_04/frame_000158/ldm106_raw.csv,person_04/frame_000158/ldm106_aligned.csv,person_04/frame_000158/ldm134_raw.csv,person_04/frame_000158/ldm134_aligned.csv,person_04/frame_000158/metadata.json,person_04/frame_000158/record.npz
frame_000151,frame_000151.jpg,151,1.62935471534729,-0.607453465461731,2.9083008766174316,frontal,0.0,person_04/frame_000151/ldm106_raw.csv,person_04/frame_000151/ldm106_aligned.csv,person_04/frame_000151/ldm134_raw.csv,person_04/frame_000151/ldm134_aligned.csv,person_04/frame_000151/metadata.json,person_04/frame_000151/record.npz
frame_000154,frame_000154.jpg,154,1.643972873687744,-0.6594942212104797,2.889080047607422,frontal,0.0,person_04/frame_000154/ldm106_raw.csv,person_04/frame_000154/ldm106_aligned.csv,person_04/frame_000154/ldm134_raw.csv,person_04/frame_000154/ldm134_aligned.csv,person_04/frame_000154/metadata.json,person_04/frame_000154/record.npz
frame_000150,frame_000150.jpg,150,1.675753116607666,-0.5892732739448547,2.9239113330841064,frontal,0.0,person_04/frame_000150/ldm106_raw.csv,person_04/frame_000150/ldm106_aligned.csv,person_04/frame_000150/ldm134_raw.csv,person_04/frame_000150/ldm134_aligned.csv,person_04/frame_000150/metadata.json,person_04/frame_000150/record.npz
frame_000155,frame_000155.jpg,155,1.7218494415283203,-0.7117021083831787,2.873572826385498,frontal,0.0,person_04/frame_000155/ldm106_raw.csv,person_04/frame_000155/ldm106_aligned.csv,person_04/frame_000155/ldm134_raw.csv,person_04/frame_000155/ldm134_aligned.csv,person_04/frame_000155/metadata.json,person_04/frame_000155/record.npz
frame_000156,frame_000156.jpg,156,1.7344346046447754,-0.7251191735267639,2.8695340156555176,frontal,0.0,person_04/frame_000156/ldm106_raw.csv,person_04/frame_000156/ldm106_aligned.csv,person_04/frame_000156/ldm134_raw.csv,person_04/frame_000156/ldm134_aligned.csv,person_04/frame_000156/metadata.json,person_04/frame_000156/record.npz
frame_000148,frame_000148.jpg,148,1.9942535161972048,-0.5879967212677002,2.985215663909912,frontal,0.0,person_04/frame_000148/ldm106_raw.csv,person_04/frame_000148/ldm106_aligned.csv,person_04/frame_000148/ldm134_raw.csv,person_04/frame_000148/ldm134_aligned.csv,person_04/frame_000148/metadata.json,person_04/frame_000148/record.npz
frame_000147,frame_000147.jpg,147,2.1930415630340576,-0.4984928369522095,3.0403127670288086,frontal,0.0,person_04/frame_000147/ldm106_raw.csv,person_04/frame_000147/ldm106_aligned.csv,person_04/frame_000147/ldm134_raw.csv,person_04/frame_000147/ldm134_aligned.csv,person_04/frame_000147/metadata.json,person_04/frame_000147/record.npz
frame_000146,frame_000146.jpg,146,2.5784783363342285,-0.6060985922813416,2.9498283863067627,frontal,0.0,person_04/frame_000146/ldm106_raw.csv,person_04/frame_000146/ldm106_aligned.csv,person_04/frame_000146/ldm134_raw.csv,person_04/frame_000146/ldm134_aligned.csv,person_04/frame_000146/metadata.json,person_04/frame_000146/record.npz
frame_000145,frame_000145.jpg,145,3.0676965713500977,-0.7187110185623169,3.002551317214966,frontal,0.0,person_04/frame_000145/ldm106_raw.csv,person_04/frame_000145/ldm106_aligned.csv,person_04/frame_000145/ldm134_raw.csv,person_04/frame_000145/ldm134_aligned.csv,person_04/frame_000145/metadata.json,person_04/frame_000145/record.npz
frame_000144,frame_000144.jpg,144,3.5384514331817627,-0.7289549112319946,2.925043821334839,frontal,0.0,person_04/frame_000144/ldm106_raw.csv,person_04/frame_000144/ldm106_aligned.csv,person_04/frame_000144/ldm134_raw.csv,person_04/frame_000144/ldm134_aligned.csv,person_04/frame_000144/metadata.json,person_04/frame_000144/record.npz
frame_000143,frame_000143.jpg,143,4.187656402587891,-0.6032534241676331,2.898236036300659,frontal,0.0,person_04/frame_000143/ldm106_raw.csv,person_04/frame_000143/ldm106_aligned.csv,person_04/frame_000143/ldm134_raw.csv,person_04/frame_000143/ldm134_aligned.csv,person_04/frame_000143/metadata.json,person_04/frame_000143/record.npz
frame_000142,frame_000142.jpg,142,5.05841064453125,-0.3480983972549438,2.9557454586029053,frontal,0.0,person_04/frame_000142/ldm106_raw.csv,person_04/frame_000142/ldm106_aligned.csv,person_04/frame_000142/ldm134_raw.csv,person_04/frame_000142/ldm134_aligned.csv,person_04/frame_000142/metadata.json,person_04/frame_000142/record.npz
frame_000141,frame_000141.jpg,141,6.1315999031066895,-0.5413177609443665,3.0889079570770264,frontal,0.0,person_04/frame_000141/ldm106_raw.csv,person_04/frame_000141/ldm106_aligned.csv,person_04/frame_000141/ldm134_raw.csv,person_04/frame_000141/ldm134_aligned.csv,person_04/frame_000141/metadata.json,person_04/frame_000141/record.npz
frame_000140,frame_000140.jpg,140,7.25841760635376,-0.4875240921974182,3.338511228561402,frontal,0.0,person_04/frame_000140/ldm106_raw.csv,person_04/frame_000140/ldm106_aligned.csv,person_04/frame_000140/ldm134_raw.csv,person_04/frame_000140/ldm134_aligned.csv,person_04/frame_000140/metadata.json,person_04/frame_000140/record.npz
frame_000139,frame_000139.jpg,139,8.470746994018555,-0.5506216883659363,3.5143492221832275,frontal,0.0,person_04/frame_000139/ldm106_raw.csv,person_04/frame_000139/ldm106_aligned.csv,person_04/frame_000139/ldm134_raw.csv,person_04/frame_000139/ldm134_aligned.csv,person_04/frame_000139/metadata.json,person_04/frame_000139/record.npz
frame_000138,frame_000138.jpg,138,9.653461456298828,-0.4558742940425873,3.6746201515197754,frontal,0.0,person_04/frame_000138/ldm106_raw.csv,person_04/frame_000138/ldm106_aligned.csv,person_04/frame_000138/ldm134_raw.csv,person_04/frame_000138/ldm134_aligned.csv,person_04/frame_000138/metadata.json,person_04/frame_000138/record.npz
frame_000137,frame_000137.jpg,137,10.293915748596191,0.0361351147294044,3.7391927242279057,right_light,17.5,person_04/frame_000137/ldm106_raw.csv,person_04/frame_000137/ldm106_aligned.csv,person_04/frame_000137/ldm134_raw.csv,person_04/frame_000137/ldm134_aligned.csv,person_04/frame_000137/metadata.json,person_04/frame_000137/record.npz
frame_000136,frame_000136.jpg,136,11.164673805236816,0.6730949282646179,3.9553568363189697,right_light,17.5,person_04/frame_000136/ldm106_raw.csv,person_04/frame_000136/ldm106_aligned.csv,person_04/frame_000136/ldm134_raw.csv,person_04/frame_000136/ldm134_aligned.csv,person_04/frame_000136/metadata.json,person_04/frame_000136/record.npz
frame_000135,frame_000135.jpg,135,12.177741050720217,0.2684822380542755,3.909862995147705,right_light,17.5,person_04/frame_000135/ldm106_raw.csv,person_04/frame_000135/ldm106_aligned.csv,person_04/frame_000135/ldm134_raw.csv,person_04/frame_000135/ldm134_aligned.csv,person_04/frame_000135/metadata.json,person_04/frame_000135/record.npz
frame_000134,frame_000134.jpg,134,13.501486778259276,0.1167591959238052,3.780275583267212,right_light,17.5,person_04/frame_000134/ldm106_raw.csv,person_04/frame_000134/ldm106_aligned.csv,person_04/frame_000134/ldm134_raw.csv,person_04/frame_000134/ldm134_aligned.csv,person_04/frame_000134/metadata.json,person_04/frame_000134/record.npz
frame_000133,frame_000133.jpg,133,14.465331077575684,-0.0208860766142606,3.792002916336059,right_light,17.5,person_04/frame_000133/ldm106_raw.csv,person_04/frame_000133/ldm106_aligned.csv,person_04/frame_000133/ldm134_raw.csv,person_04/frame_000133/ldm134_aligned.csv,person_04/frame_000133/metadata.json,person_04/frame_000133/record.npz
frame_000132,frame_000132.jpg,132,15.639013290405272,0.0916585698723793,3.662726402282715,right_light,17.5,person_04/frame_000132/ldm106_raw.csv,person_04/frame_000132/ldm106_aligned.csv,person_04/frame_000132/ldm134_raw.csv,person_04/frame_000132/ldm134_aligned.csv,person_04/frame_000132/metadata.json,person_04/frame_000132/record.npz
frame_000131,frame_000131.jpg,131,16.6842041015625,-0.1429600119590759,3.5434823036193848,right_light,17.5,person_04/frame_000131/ldm106_raw.csv,person_04/frame_000131/ldm106_aligned.csv,person_04/frame_000131/ldm134_raw.csv,person_04/frame_000131/ldm134_aligned.csv,person_04/frame_000131/metadata.json,person_04/frame_000131/record.npz
frame_000130,frame_000130.jpg,130,17.998151779174805,-0.061022400856018,3.314476728439331,right_light,17.5,person_04/frame_000130/ldm106_raw.csv,person_04/frame_000130/ldm106_aligned.csv,person_04/frame_000130/ldm134_raw.csv,person_04/frame_000130/ldm134_aligned.csv,person_04/frame_000130/metadata.json,person_04/frame_000130/record.npz
frame_000129,frame_000129.jpg,129,19.30319023132324,-0.2262553423643112,3.243610382080078,right_light,17.5,person_04/frame_000129/ldm106_raw.csv,person_04/frame_000129/ldm106_aligned.csv,person_04/frame_000129/ldm134_raw.csv,person_04/frame_000129/ldm134_aligned.csv,person_04/frame_000129/metadata.json,person_04/frame_000129/record.npz
frame_000128,frame_000128.jpg,128,21.005210876464844,-0.656359076499939,3.168224334716797,right_light,17.5,person_04/frame_000128/ldm106_raw.csv,person_04/frame_000128/ldm106_aligned.csv,person_04/frame_000128/ldm134_raw.csv,person_04/frame_000128/ldm134_aligned.csv,person_04/frame_000128/metadata.json,person_04/frame_000128/record.npz
frame_000127,frame_000127.jpg,127,22.454381942749023,-0.9926627278327942,2.796628952026367,right_light,17.5,person_04/frame_000127/ldm106_raw.csv,person_04/frame_000127/ldm106_aligned.csv,person_04/frame_000127/ldm134_raw.csv,person_04/frame_000127/ldm134_aligned.csv,person_04/frame_000127/metadata.json,person_04/frame_000127/record.npz
frame_000126,frame_000126.jpg,126,24.167007446289062,-1.3075106143951416,2.7745046615600586,right_light,17.5,person_04/frame_000126/ldm106_raw.csv,person_04/frame_000126/ldm106_aligned.csv,person_04/frame_000126/ldm134_raw.csv,person_04/frame_000126/ldm134_aligned.csv,person_04/frame_000126/metadata.json,person_04/frame_000126/record.npz
frame_000125,frame_000125.jpg,125,26.0053653717041,-1.675068736076355,2.7368454933166504,right_mid,32.5,person_04/frame_000125/ldm106_raw.csv,person_04/frame_000125/ldm106_aligned.csv,person_04/frame_000125/ldm134_raw.csv,person_04/frame_000125/ldm134_aligned.csv,person_04/frame_000125/metadata.json,person_04/frame_000125/record.npz
frame_000124,frame_000124.jpg,124,27.803569793701172,-1.758164644241333,2.4546990394592285,right_mid,32.5,person_04/frame_000124/ldm106_raw.csv,person_04/frame_000124/ldm106_aligned.csv,person_04/frame_000124/ldm134_raw.csv,person_04/frame_000124/ldm134_aligned.csv,person_04/frame_000124/metadata.json,person_04/frame_000124/record.npz
frame_000123,frame_000123.jpg,123,29.823692321777344,-1.9703348875045776,2.3127589225769043,right_mid,32.5,person_04/frame_000123/ldm106_raw.csv,person_04/frame_000123/ldm106_aligned.csv,person_04/frame_000123/ldm134_raw.csv,person_04/frame_000123/ldm134_aligned.csv,person_04/frame_000123/metadata.json,person_04/frame_000123/record.npz
frame_000122,frame_000122.jpg,122,31.00515365600586,-2.1441290378570557,2.011373519897461,right_mid,32.5,person_04/frame_000122/ldm106_raw.csv,person_04/frame_000122/ldm106_aligned.csv,person_04/frame_000122/ldm134_raw.csv,person_04/frame_000122/ldm134_aligned.csv,person_04/frame_000122/metadata.json,person_04/frame_000122/record.npz
frame_000121,frame_000121.jpg,121,33.07732391357422,-2.087264060974121,2.0087177753448486,right_mid,32.5,person_04/frame_000121/ldm106_raw.csv,person_04/frame_000121/ldm106_aligned.csv,person_04/frame_000121/ldm134_raw.csv,person_04/frame_000121/ldm134_aligned.csv,person_04/frame_000121/metadata.json,person_04/frame_000121/record.npz
frame_000120,frame_000120.jpg,120,34.33185577392578,-2.1907618045806885,1.842677116394043,right_mid,32.5,person_04/frame_000120/ldm106_raw.csv,person_04/frame_000120/ldm106_aligned.csv,person_04/frame_000120/ldm134_raw.csv,person_04/frame_000120/ldm134_aligned.csv,person_04/frame_000120/metadata.json,person_04/frame_000120/record.npz
frame_000119,frame_000119.jpg,119,35.610774993896484,-1.916942834854126,1.8862709999084473,right_mid,32.5,person_04/frame_000119/ldm106_raw.csv,person_04/frame_000119/ldm106_aligned.csv,person_04/frame_000119/ldm134_raw.csv,person_04/frame_000119/ldm134_aligned.csv,person_04/frame_000119/metadata.json,person_04/frame_000119/record.npz
frame_000118,frame_000118.jpg,118,37.26399993896485,-1.5714439153671265,1.9291731119155884,right_mid,32.5,person_04/frame_000118/ldm106_raw.csv,person_04/frame_000118/ldm106_aligned.csv,person_04/frame_000118/ldm134_raw.csv,person_04/frame_000118/ldm134_aligned.csv,person_04/frame_000118/metadata.json,person_04/frame_000118/record.npz
frame_000117,frame_000117.jpg,117,38.71957778930664,-2.0009522438049316,1.8525265455245972,right_mid,32.5,person_04/frame_000117/ldm106_raw.csv,person_04/frame_000117/ldm106_aligned.csv,person_04/frame_000117/ldm134_raw.csv,person_04/frame_000117/ldm134_aligned.csv,person_04/frame_000117/metadata.json,person_04/frame_000117/record.npz
frame_000116,frame_000116.jpg,116,40.04074478149414,-1.926546573638916,1.9409040212631223,right_deep,45.0,person_04/frame_000116/ldm106_raw.csv,person_04/frame_000116/ldm106_aligned.csv,person_04/frame_000116/ldm134_raw.csv,person_04/frame_000116/ldm134_aligned.csv,person_04/frame_000116/metadata.json,person_04/frame_000116/record.npz
frame_000115,frame_000115.jpg,115,42.00553512573242,-1.826222538948059,1.8539968729019165,right_deep,45.0,person_04/frame_000115/ldm106_raw.csv,person_04/frame_000115/ldm106_aligned.csv,person_04/frame_000115/ldm134_raw.csv,person_04/frame_000115/ldm134_aligned.csv,person_04/frame_000115/metadata.json,person_04/frame_000115/record.npz
frame_000114,frame_000114.jpg,114,43.72346878051758,-1.617320537567139,1.6864231824874878,right_deep,45.0,person_04/frame_000114/ldm106_raw.csv,person_04/frame_000114/ldm106_aligned.csv,person_04/frame_000114/ldm134_raw.csv,person_04/frame_000114/ldm134_aligned.csv,person_04/frame_000114/metadata.json,person_04/frame_000114/record.npz
frame_000113,frame_000113.jpg,113,44.69459915161133,-2.256300687789917,1.9238851070404053,right_deep,45.0,person_04/frame_000113/ldm106_raw.csv,person_04/frame_000113/ldm106_aligned.csv,person_04/frame_000113/ldm134_raw.csv,person_04/frame_000113/ldm134_aligned.csv,person_04/frame_000113/metadata.json,person_04/frame_000113/record.npz
frame_000112,frame_000112.jpg,112,45.85793685913086,-2.747523307800293,1.92724347114563,right_deep,45.0,person_04/frame_000112/ldm106_raw.csv,person_04/frame_000112/ldm106_aligned.csv,person_04/frame_000112/ldm134_raw.csv,person_04/frame_000112/ldm134_aligned.csv,person_04/frame_000112/metadata.json,person_04/frame_000112/record.npz
frame_000111,frame_000111.jpg,111,46.806365966796875,-2.8887939453125,1.8345212936401367,right_deep,45.0,person_04/frame_000111/ldm106_raw.csv,person_04/frame_000111/ldm106_aligned.csv,person_04/frame_000111/ldm134_raw.csv,person_04/frame_000111/ldm134_aligned.csv,person_04/frame_000111/metadata.json,person_04/frame_000111/record.npz
frame_000110,frame_000110.jpg,110,47.995948791503906,-3.0401315689086914,1.687661051750183,right_deep,45.0,person_04/frame_000110/ldm106_raw.csv,person_04/frame_000110/ldm106_aligned.csv,person_04/frame_000110/ldm134_raw.csv,person_04/frame_000110/ldm134_aligned.csv,person_04/frame_000110/metadata.json,person_04/frame_000110/record.npz
frame_000109,frame_000109.jpg,109,49.04016876220703,-2.651747465133667,1.857616901397705,right_deep,45.0,person_04/frame_000109/ldm106_raw.csv,person_04/frame_000109/ldm106_aligned.csv,person_04/frame_000109/ldm134_raw.csv,person_04/frame_000109/ldm134_aligned.csv,person_04/frame_000109/metadata.json,person_04/frame_000109/record.npz
frame_000108,frame_000108.jpg,108,50.7309455871582,-0.9022000432014464,3.0626566410064697,right_profile,70.0,person_04/frame_000108/ldm106_raw.csv,person_04/frame_000108/ldm106_aligned.csv,person_04/frame_000108/ldm134_raw.csv,person_04/frame_000108/ldm134_aligned.csv,person_04/frame_000108/metadata.json,person_04/frame_000108/record.npz
frame_000107,frame_000107.jpg,107,52.337886810302734,1.2574262619018557,4.446249485015869,right_profile,70.0,person_04/frame_000107/ldm106_raw.csv,person_04/frame_000107/ldm106_aligned.csv,person_04/frame_000107/ldm134_raw.csv,person_04/frame_000107/ldm134_aligned.csv,person_04/frame_000107/metadata.json,person_04/frame_000107/record.npz
frame_000106,frame_000106.jpg,106,53.698116302490234,1.9864596128463743,5.315344333648682,right_profile,70.0,person_04/frame_000106/ldm106_raw.csv,person_04/frame_000106/ldm106_aligned.csv,person_04/frame_000106/ldm134_raw.csv,person_04/frame_000106/ldm134_aligned.csv,person_04/frame_000106/metadata.json,person_04/frame_000106/record.npz
frame_000105,frame_000105.jpg,105,55.17084503173828,3.7170519828796382,6.728226661682129,right_profile,70.0,person_04/frame_000105/ldm106_raw.csv,person_04/frame_000105/ldm106_aligned.csv,person_04/frame_000105/ldm134_raw.csv,person_04/frame_000105/ldm134_aligned.csv,person_04/frame_000105/metadata.json,person_04/frame_000105/record.npz
frame_000104,frame_000104.jpg,104,55.86713409423828,1.7395519018173218,5.649458885192871,right_profile,70.0,person_04/frame_000104/ldm106_raw.csv,person_04/frame_000104/ldm106_aligned.csv,person_04/frame_000104/ldm134_raw.csv,person_04/frame_000104/ldm134_aligned.csv,person_04/frame_000104/metadata.json,person_04/frame_000104/record.npz
frame_000103,frame_000103.jpg,103,56.95948028564453,2.576998233795166,6.001074314117432,right_profile,70.0,person_04/frame_000103/ldm106_raw.csv,person_04/frame_000103/ldm106_aligned.csv,person_04/frame_000103/ldm134_raw.csv,person_04/frame_000103/ldm134_aligned.csv,person_04/frame_000103/metadata.json,person_04/frame_000103/record.npz
frame_000102,frame_000102.jpg,102,57.22618103027344,3.362588167190552,6.844135761260986,right_profile,70.0,person_04/frame_000102/ldm106_raw.csv,person_04/frame_000102/ldm106_aligned.csv,person_04/frame_000102/ldm134_raw.csv,person_04/frame_000102/ldm134_aligned.csv,person_04/frame_000102/metadata.json,person_04/frame_000102/record.npz
frame_000101,frame_000101.jpg,101,57.54343795776367,0.965322971343994,5.141271114349365,right_profile,70.0,person_04/frame_000101/ldm106_raw.csv,person_04/frame_000101/ldm106_aligned.csv,person_04/frame_000101/ldm134_raw.csv,person_04/frame_000101/ldm134_aligned.csv,person_04/frame_000101/metadata.json,person_04/frame_000101/record.npz
frame_000098,frame_000098.jpg,98,57.60914611816406,0.5325552821159363,4.263556003570557,right_profile,70.0,person_04/frame_000098/ldm106_raw.csv,person_04/frame_000098/ldm106_aligned.csv,person_04/frame_000098/ldm134_raw.csv,person_04/frame_000098/ldm134_aligned.csv,person_04/frame_000098/metadata.json,person_04/frame_000098/record.npz
frame_000099,frame_000099.jpg,99,57.64100646972656,1.107780694961548,5.348309516906738,right_profile,70.0,person_04/frame_000099/ldm106_raw.csv,person_04/frame_000099/ldm106_aligned.csv,person_04/frame_000099/ldm134_raw.csv,person_04/frame_000099/ldm134_aligned.csv,person_04/frame_000099/metadata.json,person_04/frame_000099/record.npz
frame_000097,frame_000097.jpg,97,57.91160583496094,1.6244271993637085,5.224859714508057,right_profile,70.0,person_04/frame_000097/ldm106_raw.csv,person_04/frame_000097/ldm106_aligned.csv,person_04/frame_000097/ldm134_raw.csv,person_04/frame_000097/ldm134_aligned.csv,person_04/frame_000097/metadata.json,person_04/frame_000097/record.npz
frame_000100,frame_000100.jpg,100,58.115726470947266,0.6784997582435608,4.798346996307373,right_profile,70.0,person_04/frame_000100/ldm106_raw.csv,person_04/frame_000100/ldm106_aligned.csv,person_04/frame_000100/ldm134_raw.csv,person_04/frame_000100/ldm134_aligned.csv,person_04/frame_000100/metadata.json,person_04/frame_000100/record.npz
frame_000094,frame_000094.jpg,94,58.16361999511719,1.0724022388458252,5.268731594085693,right_profile,70.0,person_04/frame_000094/ldm106_raw.csv,person_04/frame_000094/ldm106_aligned.csv,person_04/frame_000094/ldm134_raw.csv,person_04/frame_000094/ldm134_aligned.csv,person_04/frame_000094/metadata.json,person_04/frame_000094/record.npz
frame_000096,frame_000096.jpg,96,58.18730545043945,1.1642826795578003,5.112131595611572,right_profile,70.0,person_04/frame_000096/ldm106_raw.csv,person_04/frame_000096/ldm106_aligned.csv,person_04/frame_000096/ldm134_raw.csv,person_04/frame_000096/ldm134_aligned.csv,person_04/frame_000096/metadata.json,person_04/frame_000096/record.npz
frame_000090,frame_000090.jpg,90,58.36709976196289,1.0154987573623655,5.249819278717041,right_profile,70.0,person_04/frame_000090/ldm106_raw.csv,person_04/frame_000090/ldm106_aligned.csv,person_04/frame_000090/ldm134_raw.csv,person_04/frame_000090/ldm134_aligned.csv,person_04/frame_000090/metadata.json,person_04/frame_000090/record.npz
frame_000092,frame_000092.jpg,92,58.51505279541016,1.430698275566101,5.628037452697754,right_profile,70.0,person_04/frame_000092/ldm106_raw.csv,person_04/frame_000092/ldm106_aligned.csv,person_04/frame_000092/ldm134_raw.csv,person_04/frame_000092/ldm134_aligned.csv,person_04/frame_000092/metadata.json,person_04/frame_000092/record.npz
frame_000088,frame_000088.jpg,88,58.617156982421875,1.3177781105041504,5.700340747833252,right_profile,70.0,person_04/frame_000088/ldm106_raw.csv,person_04/frame_000088/ldm106_aligned.csv,person_04/frame_000088/ldm134_raw.csv,person_04/frame_000088/ldm134_aligned.csv,person_04/frame_000088/metadata.json,person_04/frame_000088/record.npz
frame_000093,frame_000093.jpg,93,58.630462646484375,1.6735165119171145,5.78009033203125,right_profile,70.0,person_04/frame_000093/ldm106_raw.csv,person_04/frame_000093/ldm106_aligned.csv,person_04/frame_000093/ldm134_raw.csv,person_04/frame_000093/ldm134_aligned.csv,person_04/frame_000093/metadata.json,person_04/frame_000093/record.npz
frame_000095,frame_000095.jpg,95,58.7297477722168,1.6652134656906128,5.470580577850342,right_profile,70.0,person_04/frame_000095/ldm106_raw.csv,person_04/frame_000095/ldm106_aligned.csv,person_04/frame_000095/ldm134_raw.csv,person_04/frame_000095/ldm134_aligned.csv,person_04/frame_000095/metadata.json,person_04/frame_000095/record.npz
frame_000091,frame_000091.jpg,91,58.77423858642578,1.5927834510803225,5.8162150382995605,right_profile,70.0,person_04/frame_000091/ldm106_raw.csv,person_04/frame_000091/ldm106_aligned.csv,person_04/frame_000091/ldm134_raw.csv,person_04/frame_000091/ldm134_aligned.csv,person_04/frame_000091/metadata.json,person_04/frame_000091/record.npz
frame_000086,frame_000086.jpg,86,58.9436149597168,1.704663634300232,5.958219528198242,right_profile,70.0,person_04/frame_000086/ldm106_raw.csv,person_04/frame_000086/ldm106_aligned.csv,person_04/frame_000086/ldm134_raw.csv,person_04/frame_000086/ldm134_aligned.csv,person_04/frame_000086/metadata.json,person_04/frame_000086/record.npz
frame_000087,frame_000087.jpg,87,58.967159271240234,1.7567542791366575,5.966996192932129,right_profile,70.0,person_04/frame_000087/ldm106_raw.csv,person_04/frame_000087/ldm106_aligned.csv,person_04/frame_000087/ldm134_raw.csv,person_04/frame_000087/ldm134_aligned.csv,person_04/frame_000087/metadata.json,person_04/frame_000087/record.npz
frame_000085,frame_000085.jpg,85,59.02116394042969,1.945251226425171,6.165684223175049,right_profile,70.0,person_04/frame_000085/ldm106_raw.csv,person_04/frame_000085/ldm106_aligned.csv,person_04/frame_000085/ldm134_raw.csv,person_04/frame_000085/ldm134_aligned.csv,person_04/frame_000085/metadata.json,person_04/frame_000085/record.npz
frame_000089,frame_000089.jpg,89,59.13138961791992,1.5706384181976318,5.77886962890625,right_profile,70.0,person_04/frame_000089/ldm106_raw.csv,person_04/frame_000089/ldm106_aligned.csv,person_04/frame_000089/ldm134_raw.csv,person_04/frame_000089/ldm134_aligned.csv,person_04/frame_000089/metadata.json,person_04/frame_000089/record.npz
